{"H_inv": [[1.086568624235424, 0.041480386135300376, -183.22209323367449], [-0.04148038757360522, 1.0865686484660984, -50.06266064322269], [-4.740875062380548e-11, -1.1608879593865454e-11, 1.000000008508089]], "original_size": [832, 1216]}