{"H_inv": [[0.4926431219135886, 0.006778720769067682, 161.59573403055563], [-0.0067787166658012515, 0.4926431281193357, 59.855365896881416], [7.39765665255832e-12, -1.0179106444116946e-13, 1.0000000024009146]], "original_size": [832, 1216]}